1,1,Questions by the Sages
1,2,Divinity and Divine Service
1,3,Krishna Is the Source of All Incarnations
1,4,The Appearance of Śrī Nārada
1,5,Nārada's Instructions on Śrīmad-Bhāgavatam for Vyāsadeva
1,6,Conversation Between Nārada and Vyāsadeva
1,7,The Son of Droṇa Punished
1,8,Prayers by Queen Kuntī and Parīkshit Saved
1,9,The Passing Away of Bhīshmadeva in the Presence of Lord Krishna
1,10,Departure of Lord Krishna for Dvārakā
1,11,Lord Krishna's Entrance into Dvārakā
1,12,Birth of Emperor Parīkshit
1,13,Dhrtarāshtra Quits Home
1,14,The Disappearance of Lord Krishna
1,15,The Pāndavas Retire Timely
1,16,How Parīkshit Received the Age of Kali
1,17,Punishment and Reward of Kali
1,18,Mahārāja Parīkshit Cursed by a Brāhmaṇa Boy
1,19,The Appearance of Sri Śuka
